"Steps  1. Mock harcama verisi oluştur. 2. Veritabanı yapısını tasarla. 3. Mock veriyi veritabanına kaydet. 4. Gemini API bağlantısını kur. 5. Mock harcama verisini Gemini API’ye gönder. 6. Gemini’den kategori, abonelik ve tasarruf analizi sonucu al. 7. Analiz sonuçlarını veritabanına kaydet. 8. Kategori bazlı harcama analizi ekranını oluştur. 9. Düzenli abonelik harcamalarını ayrı göster. 10. Geçmiş tasarruf analizleri ekranını oluştur. 11. Kullanıcıya yanlış kategoriyi değiştirme seçeneği ekle. 12. Kategori değişince analiz sonuçlarını güncelle. 13. Ekranları ana demo akışına bağla. 14. Test et."
"Bir kullanıcı olarak, geçmiş tasarruf analizlerime ulaşmak istiyorum; böylece daha önce hangi harcamalardan tasarruf fırsatı yakaladığımı, ne kadar mikro katkı potansiyeli oluştuğunu ve gelecekteki katkı kararlarımı nasıl iyileştirebileceğimi görebilirim."
"Bir kullanıcı olarak, düzenli abonelik harcamalarımı görmek istiyorum; böylece kullanmadığım abonelikleri fark edip tasarruf edebilirim."
"Bir kullanıcı olarak, harcama analizlerime kategori bazında ulaşabilmek istiyorum, böylece hangi harcamalarımın azaltılabilir olduğunu görebilir ve bu tutarları mikro emeklilik katkısına dönüştürme kararı verebilirim."
"Bir kullanıcı olarak, sistemin yanlış sınıflandırdığı harcama kategorilerini değiştirmek istiyorum; böylece analiz sonuçları bana daha doğru öneriler sunsun."
"Harcama analizleri için yöneylem uygulaması "
"Bir kullanıcı olarak, almak veya ulaşmak istediğim bir hedef belirlemek istiyorum; böylece Niyet benim için bu hedefe yönelik tasarruf planı oluşturabilsin."
"Bir kullanıcı olarak, belirlediğim hedefin güncel fiyatının sistem tarafından takip edilmesini istiyorum; böylece hedef tutarım piyasadaki fiyat değişimlerine göre güncel kalabilsin."
"Bir kullanıcı olarak, hedeflediğim ürün veya hizmetin fiyatı önemli ölçüde değiştiğinde bildirim almak istiyorum; böylece tasarruf planımı zamanında güncelleyebilirim."
"Bir kullanıcı olarak, kısa finansal bilgilendirme içerikleri görmek istiyorum; böylece BES, devlet katkısı ve fon kavramlarını daha kolay anlayabilirim."
